id,first_name,email,ebook_title,downloaded_at
750e8400-e29b-41d4-a716-446655440001,Marie,marie.dubois@seeg.ga,Guide du Leadership Transformationnel,2024-01-15 09:15:00+00
750e8400-e29b-41d4-a716-446655440002,Jean,jean.martin@orabank.ga,Guide du Leadership Transformationnel,2024-01-20 13:30:00+00
750e8400-e29b-41d4-a716-446655440003,Fatou,fatou.diallo@afg.ga,Guide du Leadership Transformationnel,2024-01-25 16:00:00+00
750e8400-e29b-41d4-a716-446655440004,Pierre,pierre.nze@trianon.ga,Guide du Leadership Transformationnel,2024-02-01 08:45:00+00
750e8400-e29b-41d4-a716-446655440005,Aminata,aminata.ba@unesco.org,Guide du Leadership Transformationnel,2024-02-05 10:20:00+00
750e8400-e29b-41d4-a716-446655440006,Claude,claude.mba@worldbank.org,Guide du Leadership Transformationnel,2024-02-10 12:15:00+00
750e8400-e29b-41d4-a716-446655440007,Grace,grace.obame@eu.int,Guide du Leadership Transformationnel,2024-02-15 14:30:00+00
750e8400-e29b-41d4-a716-446655440008,Sylvie,sylvie.akendengue@total.ga,Guide du Leadership Transformationnel,2024-02-25 11:45:00+00
750e8400-e29b-41d4-a716-446655440009,Robert,robert.ella@libreville.ga,Guide du Leadership Transformationnel,2024-03-01 13:20:00+00
750e8400-e29b-41d4-a716-446655440010,Isabelle,isabelle.ndong@orange.ga,Guide du Leadership Transformationnel,2024-03-05 15:10:00+00
750e8400-e29b-41d4-a716-446655440011,Francis,francis.ondo@airtel.ga,Guide du Leadership Transformationnel,2024-03-10 09:30:00+00
750e8400-e29b-41d4-a716-446655440012,Nathalie,nathalie.boussougou@sogara.ga,Guide du Leadership Transformationnel,2024-03-15 14:45:00+00
750e8400-e29b-41d4-a716-446655440013,Alexandre,alexandre.minko@bgfi.ga,Guide du Leadership Transformationnel,2024-03-12 10:15:00+00
750e8400-e29b-41d4-a716-446655440014,Sandrine,sandrine.ovono@gabon.ga,Guide du Leadership Transformationnel,2024-03-14 16:30:00+00
750e8400-e29b-41d4-a716-446655440015,Michel,michel.ndong@cnamgs.ga,Guide du Leadership Transformationnel,2024-03-16 11:20:00+00
750e8400-e29b-41d4-a716-446655440016,Laure,laure.mboumba@ansej.ga,Guide du Leadership Transformationnel,2024-03-17 13:45:00+00
750e8400-e29b-41d4-a716-446655440017,Patrick,patrick.koumba@dgdi.ga,Guide du Leadership Transformationnel,2024-03-18 15:00:00+00
750e8400-e29b-41d4-a716-446655440018,Estelle,estelle.nzigou@cnss.ga,Guide du Leadership Transformationnel,2024-03-19 09:10:00+00
